task,configuration,rung,seed,n,mean_loss_diff,dm_statistic,p_value,rung_beats_ref,significant_at_0.05
nigeria,"original (untuned, 300 trees)",V0,1,185,29.7942,7.3273,0.0,False,True
nigeria,"original (untuned, 300 trees)",V0,2,185,31.0098,7.3403,0.0,False,True
nigeria,"original (untuned, 300 trees)",V0,3,185,30.6683,7.4394,0.0,False,True
nigeria,"original (untuned, 300 trees)",V0,4,185,29.3163,7.1315,0.0,False,True
nigeria,"original (untuned, 300 trees)",V0,5,185,30.3344,7.2702,0.0,False,True
nigeria,"original (untuned, 300 trees)",V0,6,185,30.8269,7.4236,0.0,False,True
nigeria,"original (untuned, 300 trees)",V0,7,185,31.3351,7.5333,0.0,False,True
nigeria,"original (untuned, 300 trees)",V0,8,185,29.8818,7.5353,0.0,False,True
nigeria,"original (untuned, 300 trees)",V0,9,185,29.5644,7.2594,0.0,False,True
nigeria,"original (untuned, 300 trees)",V0,10,185,31.188,7.399,0.0,False,True
nigeria,"original (untuned, 300 trees)",V0,11,185,30.0168,7.3346,0.0,False,True
nigeria,"original (untuned, 300 trees)",V0,12,185,30.738,7.4466,0.0,False,True
nigeria,"original (untuned, 300 trees)",V0,13,185,31.2892,7.4307,0.0,False,True
nigeria,"original (untuned, 300 trees)",V0,14,185,31.5498,7.4535,0.0,False,True
nigeria,"original (untuned, 300 trees)",V0,15,185,30.7577,7.4046,0.0,False,True
nigeria,"original (untuned, 300 trees)",V0,16,185,29.8679,7.3063,0.0,False,True
nigeria,"original (untuned, 300 trees)",V0,17,185,30.8829,7.3824,0.0,False,True
nigeria,"original (untuned, 300 trees)",V0,18,185,29.751,7.2802,0.0,False,True
nigeria,"original (untuned, 300 trees)",V0,19,185,31.2913,7.3684,0.0,False,True
nigeria,"original (untuned, 300 trees)",V0,20,185,30.5944,7.4127,0.0,False,True
nigeria,"original (untuned, 300 trees)",V1,1,185,29.7942,7.3273,0.0,False,True
nigeria,"original (untuned, 300 trees)",V1,2,185,31.0098,7.3403,0.0,False,True
nigeria,"original (untuned, 300 trees)",V1,3,185,30.6683,7.4394,0.0,False,True
nigeria,"original (untuned, 300 trees)",V1,4,185,29.3163,7.1315,0.0,False,True
nigeria,"original (untuned, 300 trees)",V1,5,185,30.3344,7.2702,0.0,False,True
nigeria,"original (untuned, 300 trees)",V1,6,185,30.8269,7.4236,0.0,False,True
nigeria,"original (untuned, 300 trees)",V1,7,185,31.3351,7.5333,0.0,False,True
nigeria,"original (untuned, 300 trees)",V1,8,185,29.8818,7.5353,0.0,False,True
nigeria,"original (untuned, 300 trees)",V1,9,185,29.5644,7.2594,0.0,False,True
nigeria,"original (untuned, 300 trees)",V1,10,185,31.188,7.399,0.0,False,True
nigeria,"original (untuned, 300 trees)",V1,11,185,30.0168,7.3346,0.0,False,True
nigeria,"original (untuned, 300 trees)",V1,12,185,30.738,7.4466,0.0,False,True
nigeria,"original (untuned, 300 trees)",V1,13,185,31.2892,7.4307,0.0,False,True
nigeria,"original (untuned, 300 trees)",V1,14,185,31.5498,7.4535,0.0,False,True
nigeria,"original (untuned, 300 trees)",V1,15,185,30.7577,7.4046,0.0,False,True
nigeria,"original (untuned, 300 trees)",V1,16,185,29.8679,7.3063,0.0,False,True
nigeria,"original (untuned, 300 trees)",V1,17,185,30.8829,7.3824,0.0,False,True
nigeria,"original (untuned, 300 trees)",V1,18,185,29.751,7.2802,0.0,False,True
nigeria,"original (untuned, 300 trees)",V1,19,185,31.2913,7.3684,0.0,False,True
nigeria,"original (untuned, 300 trees)",V1,20,185,30.5944,7.4127,0.0,False,True
nigeria,"original (untuned, 300 trees)",V2,1,185,54.9398,8.7597,0.0,False,True
nigeria,"original (untuned, 300 trees)",V2,2,185,82.4751,6.5942,0.0,False,True
nigeria,"original (untuned, 300 trees)",V2,3,185,83.6416,6.597,0.0,False,True
nigeria,"original (untuned, 300 trees)",V2,4,185,56.7351,8.8174,0.0,False,True
nigeria,"original (untuned, 300 trees)",V2,5,185,80.1166,6.4385,0.0,False,True
nigeria,"original (untuned, 300 trees)",V2,6,185,79.8401,6.4995,0.0,False,True
nigeria,"original (untuned, 300 trees)",V2,7,185,57.4472,8.8104,0.0,False,True
nigeria,"original (untuned, 300 trees)",V2,8,185,86.0155,6.7034,0.0,False,True
nigeria,"original (untuned, 300 trees)",V2,9,185,55.4915,8.792,0.0,False,True
nigeria,"original (untuned, 300 trees)",V2,10,185,56.1899,8.8247,0.0,False,True
nigeria,"original (untuned, 300 trees)",V2,11,185,80.5406,6.4863,0.0,False,True
nigeria,"original (untuned, 300 trees)",V2,12,185,57.3814,8.9454,0.0,False,True
nigeria,"original (untuned, 300 trees)",V2,13,185,55.8332,8.7805,0.0,False,True
nigeria,"original (untuned, 300 trees)",V2,14,185,82.1069,6.5127,0.0,False,True
nigeria,"original (untuned, 300 trees)",V2,15,185,54.9165,8.6332,0.0,False,True
nigeria,"original (untuned, 300 trees)",V2,16,185,56.6173,8.7556,0.0,False,True
nigeria,"original (untuned, 300 trees)",V2,17,185,80.1956,6.4827,0.0,False,True
nigeria,"original (untuned, 300 trees)",V2,18,185,55.907,8.7598,0.0,False,True
nigeria,"original (untuned, 300 trees)",V2,19,185,56.5275,9.0306,0.0,False,True
nigeria,"original (untuned, 300 trees)",V2,20,185,84.717,6.6319,0.0,False,True
nigeria,"original (untuned, 300 trees)",V3a,1,185,85.9362,6.4522,0.0,False,True
nigeria,"original (untuned, 300 trees)",V3a,2,185,85.5347,6.6157,0.0,False,True
nigeria,"original (untuned, 300 trees)",V3a,3,185,87.4658,6.5432,0.0,False,True
nigeria,"original (untuned, 300 trees)",V3a,4,185,90.8975,6.6313,0.0,False,True
nigeria,"original (untuned, 300 trees)",V3a,5,185,91.2664,6.5993,0.0,False,True
nigeria,"original (untuned, 300 trees)",V3a,6,185,92.2206,6.8055,0.0,False,True
nigeria,"original (untuned, 300 trees)",V3a,7,185,93.7328,6.5376,0.0,False,True
nigeria,"original (untuned, 300 trees)",V3a,8,185,95.4862,6.7685,0.0,False,True
nigeria,"original (untuned, 300 trees)",V3a,9,185,96.5944,6.6816,0.0,False,True
nigeria,"original (untuned, 300 trees)",V3a,10,185,83.9093,6.3507,0.0,False,True
nigeria,"original (untuned, 300 trees)",V3a,11,185,85.3979,6.4175,0.0,False,True
nigeria,"original (untuned, 300 trees)",V3a,12,185,87.1796,6.4036,0.0,False,True
nigeria,"original (untuned, 300 trees)",V3a,13,185,95.3053,6.6867,0.0,False,True
nigeria,"original (untuned, 300 trees)",V3a,14,185,90.2333,6.5991,0.0,False,True
nigeria,"original (untuned, 300 trees)",V3a,15,185,91.2219,6.6234,0.0,False,True
nigeria,"original (untuned, 300 trees)",V3a,16,185,87.7598,6.5337,0.0,False,True
nigeria,"original (untuned, 300 trees)",V3a,17,185,86.6539,6.6268,0.0,False,True
nigeria,"original (untuned, 300 trees)",V3a,18,185,91.5097,6.6638,0.0,False,True
nigeria,"original (untuned, 300 trees)",V3a,19,185,90.5928,6.5012,0.0,False,True
nigeria,"original (untuned, 300 trees)",V3a,20,185,94.1819,6.4824,0.0,False,True
nigeria,"original (untuned, 300 trees)",V3b,1,185,75.8291,6.3501,0.0,False,True
nigeria,"original (untuned, 300 trees)",V3b,2,185,77.6076,6.3829,0.0,False,True
nigeria,"original (untuned, 300 trees)",V3b,3,185,77.9842,6.3718,0.0,False,True
nigeria,"original (untuned, 300 trees)",V3b,4,185,76.7516,6.0186,0.0,False,True
nigeria,"original (untuned, 300 trees)",V3b,5,185,79.2388,6.4918,0.0,False,True
nigeria,"original (untuned, 300 trees)",V3b,6,185,80.6152,6.4452,0.0,False,True
nigeria,"original (untuned, 300 trees)",V3b,7,185,79.1533,6.261,0.0,False,True
nigeria,"original (untuned, 300 trees)",V3b,8,185,78.8457,6.3272,0.0,False,True
nigeria,"original (untuned, 300 trees)",V3b,9,185,82.5031,6.4613,0.0,False,True
nigeria,"original (untuned, 300 trees)",V3b,10,185,78.9225,6.4357,0.0,False,True
nigeria,"original (untuned, 300 trees)",V3b,11,185,77.6408,6.2318,0.0,False,True
nigeria,"original (untuned, 300 trees)",V3b,12,185,79.4993,6.5535,0.0,False,True
nigeria,"original (untuned, 300 trees)",V3b,13,185,77.9863,6.3833,0.0,False,True
nigeria,"original (untuned, 300 trees)",V3b,14,185,77.3462,6.1682,0.0,False,True
nigeria,"original (untuned, 300 trees)",V3b,15,185,77.4794,6.2568,0.0,False,True
nigeria,"original (untuned, 300 trees)",V3b,16,185,76.6926,6.2807,0.0,False,True
nigeria,"original (untuned, 300 trees)",V3b,17,185,77.0752,6.2433,0.0,False,True
nigeria,"original (untuned, 300 trees)",V3b,18,185,78.5692,6.478,0.0,False,True
nigeria,"original (untuned, 300 trees)",V3b,19,185,74.1213,5.8255,0.0,False,True
nigeria,"original (untuned, 300 trees)",V3b,20,185,78.0365,6.3763,0.0,False,True
nigeria,"original (untuned, 300 trees)",V4a,1,185,83.448,6.5918,0.0,False,True
nigeria,"original (untuned, 300 trees)",V4a,2,185,82.774,6.2569,0.0,False,True
nigeria,"original (untuned, 300 trees)",V4a,3,185,83.6509,6.599,0.0,False,True
nigeria,"original (untuned, 300 trees)",V4a,4,185,78.1582,6.3383,0.0,False,True
nigeria,"original (untuned, 300 trees)",V4a,5,185,87.6069,6.9771,0.0,False,True
nigeria,"original (untuned, 300 trees)",V4a,6,185,82.8892,6.6319,0.0,False,True
nigeria,"original (untuned, 300 trees)",V4a,7,185,84.7892,6.7062,0.0,False,True
nigeria,"original (untuned, 300 trees)",V4a,8,185,84.057,6.8529,0.0,False,True
nigeria,"original (untuned, 300 trees)",V4a,9,185,82.9875,6.5079,0.0,False,True
nigeria,"original (untuned, 300 trees)",V4a,10,185,86.767,7.0229,0.0,False,True
nigeria,"original (untuned, 300 trees)",V4a,11,185,86.7224,6.9014,0.0,False,True
nigeria,"original (untuned, 300 trees)",V4a,12,185,87.1894,6.8272,0.0,False,True
nigeria,"original (untuned, 300 trees)",V4a,13,185,82.8031,6.4575,0.0,False,True
nigeria,"original (untuned, 300 trees)",V4a,14,185,84.361,6.5,0.0,False,True
nigeria,"original (untuned, 300 trees)",V4a,15,185,85.5521,6.5873,0.0,False,True
nigeria,"original (untuned, 300 trees)",V4a,16,185,83.4128,6.5353,0.0,False,True
nigeria,"original (untuned, 300 trees)",V4a,17,185,86.6192,6.6925,0.0,False,True
nigeria,"original (untuned, 300 trees)",V4a,18,185,81.7538,6.2751,0.0,False,True
nigeria,"original (untuned, 300 trees)",V4a,19,185,82.9465,6.4657,0.0,False,True
nigeria,"original (untuned, 300 trees)",V4a,20,185,82.2425,6.3657,0.0,False,True
nigeria,"original (untuned, 300 trees)",V4b,1,185,83.154,6.6245,0.0,False,True
nigeria,"original (untuned, 300 trees)",V4b,2,185,82.5439,6.3607,0.0,False,True
nigeria,"original (untuned, 300 trees)",V4b,3,185,83.9217,6.7916,0.0,False,True
nigeria,"original (untuned, 300 trees)",V4b,4,185,82.7724,6.6721,0.0,False,True
nigeria,"original (untuned, 300 trees)",V4b,5,185,81.6008,6.6268,0.0,False,True
nigeria,"original (untuned, 300 trees)",V4b,6,185,81.7682,6.629,0.0,False,True
nigeria,"original (untuned, 300 trees)",V4b,7,185,82.972,6.3239,0.0,False,True
nigeria,"original (untuned, 300 trees)",V4b,8,185,86.1279,6.7732,0.0,False,True
nigeria,"original (untuned, 300 trees)",V4b,9,185,82.5105,6.7412,0.0,False,True
nigeria,"original (untuned, 300 trees)",V4b,10,185,85.754,6.9681,0.0,False,True
nigeria,"original (untuned, 300 trees)",V4b,11,185,82.996,6.6745,0.0,False,True
nigeria,"original (untuned, 300 trees)",V4b,12,185,87.3477,7.1177,0.0,False,True
nigeria,"original (untuned, 300 trees)",V4b,13,185,84.1532,6.5924,0.0,False,True
nigeria,"original (untuned, 300 trees)",V4b,14,185,82.4817,6.5106,0.0,False,True
nigeria,"original (untuned, 300 trees)",V4b,15,185,86.1169,6.8558,0.0,False,True
nigeria,"original (untuned, 300 trees)",V4b,16,185,82.1575,6.6015,0.0,False,True
nigeria,"original (untuned, 300 trees)",V4b,17,185,82.4887,6.6514,0.0,False,True
nigeria,"original (untuned, 300 trees)",V4b,18,185,78.2,6.2935,0.0,False,True
nigeria,"original (untuned, 300 trees)",V4b,19,185,86.6512,6.9881,0.0,False,True
nigeria,"original (untuned, 300 trees)",V4b,20,185,83.5009,6.557,0.0,False,True
nigeria,capacity-controlled (CV-selected on V0),V0,1,185,76.546,9.3364,0.0,False,True
nigeria,capacity-controlled (CV-selected on V0),V0,2,185,78.5188,9.4059,0.0,False,True
nigeria,capacity-controlled (CV-selected on V0),V0,3,185,81.3296,9.2276,0.0,False,True
nigeria,capacity-controlled (CV-selected on V0),V0,4,185,77.6529,9.3782,0.0,False,True
nigeria,capacity-controlled (CV-selected on V0),V0,5,185,76.808,9.3911,0.0,False,True
nigeria,capacity-controlled (CV-selected on V0),V0,6,185,77.5496,9.3135,0.0,False,True
nigeria,capacity-controlled (CV-selected on V0),V0,7,185,76.2303,9.4163,0.0,False,True
nigeria,capacity-controlled (CV-selected on V0),V0,8,185,80.1316,9.1909,0.0,False,True
nigeria,capacity-controlled (CV-selected on V0),V0,9,185,78.0812,9.287,0.0,False,True
nigeria,capacity-controlled (CV-selected on V0),V0,10,185,78.3194,9.4366,0.0,False,True
nigeria,capacity-controlled (CV-selected on V0),V0,11,185,75.5395,9.4904,0.0,False,True
nigeria,capacity-controlled (CV-selected on V0),V0,12,185,76.2779,9.4214,0.0,False,True
nigeria,capacity-controlled (CV-selected on V0),V0,13,185,80.2983,9.1723,0.0,False,True
nigeria,capacity-controlled (CV-selected on V0),V0,14,185,78.7438,9.3563,0.0,False,True
nigeria,capacity-controlled (CV-selected on V0),V0,15,185,75.8216,9.5218,0.0,False,True
nigeria,capacity-controlled (CV-selected on V0),V0,16,185,74.9538,9.5066,0.0,False,True
nigeria,capacity-controlled (CV-selected on V0),V0,17,185,79.8251,9.4012,0.0,False,True
nigeria,capacity-controlled (CV-selected on V0),V0,18,185,78.328,9.4481,0.0,False,True
nigeria,capacity-controlled (CV-selected on V0),V0,19,185,74.8185,9.513,0.0,False,True
nigeria,capacity-controlled (CV-selected on V0),V0,20,185,75.4908,9.3032,0.0,False,True
nigeria,capacity-controlled (CV-selected on V0),V1,1,185,76.546,9.3364,0.0,False,True
nigeria,capacity-controlled (CV-selected on V0),V1,2,185,78.5188,9.4059,0.0,False,True
nigeria,capacity-controlled (CV-selected on V0),V1,3,185,81.3296,9.2276,0.0,False,True
nigeria,capacity-controlled (CV-selected on V0),V1,4,185,77.6529,9.3782,0.0,False,True
nigeria,capacity-controlled (CV-selected on V0),V1,5,185,76.808,9.3911,0.0,False,True
nigeria,capacity-controlled (CV-selected on V0),V1,6,185,77.5496,9.3135,0.0,False,True
nigeria,capacity-controlled (CV-selected on V0),V1,7,185,76.2303,9.4163,0.0,False,True
nigeria,capacity-controlled (CV-selected on V0),V1,8,185,80.1316,9.1909,0.0,False,True
nigeria,capacity-controlled (CV-selected on V0),V1,9,185,78.0812,9.287,0.0,False,True
nigeria,capacity-controlled (CV-selected on V0),V1,10,185,78.3194,9.4366,0.0,False,True
nigeria,capacity-controlled (CV-selected on V0),V1,11,185,75.5395,9.4904,0.0,False,True
nigeria,capacity-controlled (CV-selected on V0),V1,12,185,76.2779,9.4214,0.0,False,True
nigeria,capacity-controlled (CV-selected on V0),V1,13,185,80.2983,9.1723,0.0,False,True
nigeria,capacity-controlled (CV-selected on V0),V1,14,185,78.7438,9.3563,0.0,False,True
nigeria,capacity-controlled (CV-selected on V0),V1,15,185,75.8216,9.5218,0.0,False,True
nigeria,capacity-controlled (CV-selected on V0),V1,16,185,74.9538,9.5066,0.0,False,True
nigeria,capacity-controlled (CV-selected on V0),V1,17,185,79.8251,9.4012,0.0,False,True
nigeria,capacity-controlled (CV-selected on V0),V1,18,185,78.328,9.4481,0.0,False,True
nigeria,capacity-controlled (CV-selected on V0),V1,19,185,74.8185,9.513,0.0,False,True
nigeria,capacity-controlled (CV-selected on V0),V1,20,185,75.4908,9.3032,0.0,False,True
nigeria,capacity-controlled (CV-selected on V0),V2,1,185,160.334,11.335,0.0,False,True
nigeria,capacity-controlled (CV-selected on V0),V2,2,185,99.4958,9.038,0.0,False,True
nigeria,capacity-controlled (CV-selected on V0),V2,3,185,100.9352,9.3054,0.0,False,True
nigeria,capacity-controlled (CV-selected on V0),V2,4,185,114.0168,10.4068,0.0,False,True
nigeria,capacity-controlled (CV-selected on V0),V2,5,185,99.2877,9.1677,0.0,False,True
nigeria,capacity-controlled (CV-selected on V0),V2,6,185,99.5121,9.1964,0.0,False,True
nigeria,capacity-controlled (CV-selected on V0),V2,7,185,121.7227,10.6577,0.0,False,True
nigeria,capacity-controlled (CV-selected on V0),V2,8,185,92.769,9.0442,0.0,False,True
nigeria,capacity-controlled (CV-selected on V0),V2,9,185,160.7012,11.4697,0.0,False,True
nigeria,capacity-controlled (CV-selected on V0),V2,10,185,148.8149,11.2435,0.0,False,True
nigeria,capacity-controlled (CV-selected on V0),V2,11,185,99.7246,9.2959,0.0,False,True
nigeria,capacity-controlled (CV-selected on V0),V2,12,185,192.8232,11.9531,0.0,False,True
nigeria,capacity-controlled (CV-selected on V0),V2,13,185,149.6419,11.2911,0.0,False,True
nigeria,capacity-controlled (CV-selected on V0),V2,14,185,106.5592,9.4998,0.0,False,True
nigeria,capacity-controlled (CV-selected on V0),V2,15,185,124.5821,10.7628,0.0,False,True
nigeria,capacity-controlled (CV-selected on V0),V2,16,185,160.6599,11.5242,0.0,False,True
nigeria,capacity-controlled (CV-selected on V0),V2,17,185,106.2627,9.0578,0.0,False,True
nigeria,capacity-controlled (CV-selected on V0),V2,18,185,181.4448,11.9582,0.0,False,True
nigeria,capacity-controlled (CV-selected on V0),V2,19,185,160.6281,11.451,0.0,False,True
nigeria,capacity-controlled (CV-selected on V0),V2,20,185,102.366,9.5778,0.0,False,True
nigeria,capacity-controlled (CV-selected on V0),V3a,1,185,113.2168,9.9078,0.0,False,True
nigeria,capacity-controlled (CV-selected on V0),V3a,2,185,118.7295,9.5628,0.0,False,True
nigeria,capacity-controlled (CV-selected on V0),V3a,3,185,120.0174,10.2459,0.0,False,True
nigeria,capacity-controlled (CV-selected on V0),V3a,4,185,142.2794,10.2695,0.0,False,True
nigeria,capacity-controlled (CV-selected on V0),V3a,5,185,106.0624,9.8603,0.0,False,True
nigeria,capacity-controlled (CV-selected on V0),V3a,6,185,109.3507,9.9656,0.0,False,True
nigeria,capacity-controlled (CV-selected on V0),V3a,7,185,116.9721,9.8571,0.0,False,True
nigeria,capacity-controlled (CV-selected on V0),V3a,8,185,112.8657,9.6328,0.0,False,True
nigeria,capacity-controlled (CV-selected on V0),V3a,9,185,117.467,9.2739,0.0,False,True
nigeria,capacity-controlled (CV-selected on V0),V3a,10,185,121.5712,9.4512,0.0,False,True
nigeria,capacity-controlled (CV-selected on V0),V3a,11,185,105.2049,10.013,0.0,False,True
nigeria,capacity-controlled (CV-selected on V0),V3a,12,185,101.3171,8.7144,0.0,False,True
nigeria,capacity-controlled (CV-selected on V0),V3a,13,185,108.2053,9.6595,0.0,False,True
nigeria,capacity-controlled (CV-selected on V0),V3a,14,185,113.5381,9.9966,0.0,False,True
nigeria,capacity-controlled (CV-selected on V0),V3a,15,185,130.0675,9.9445,0.0,False,True
nigeria,capacity-controlled (CV-selected on V0),V3a,16,185,110.102,9.7816,0.0,False,True
nigeria,capacity-controlled (CV-selected on V0),V3a,17,185,131.848,10.0514,0.0,False,True
nigeria,capacity-controlled (CV-selected on V0),V3a,18,185,99.4396,9.2917,0.0,False,True
nigeria,capacity-controlled (CV-selected on V0),V3a,19,185,116.795,10.5418,0.0,False,True
nigeria,capacity-controlled (CV-selected on V0),V3a,20,185,133.5067,9.7786,0.0,False,True
nigeria,capacity-controlled (CV-selected on V0),V3b,1,185,105.1529,8.1471,0.0,False,True
nigeria,capacity-controlled (CV-selected on V0),V3b,2,185,101.305,8.2531,0.0,False,True
nigeria,capacity-controlled (CV-selected on V0),V3b,3,185,104.6199,8.0629,0.0,False,True
nigeria,capacity-controlled (CV-selected on V0),V3b,4,185,102.0258,7.3322,0.0,False,True
nigeria,capacity-controlled (CV-selected on V0),V3b,5,185,104.2955,8.7617,0.0,False,True
nigeria,capacity-controlled (CV-selected on V0),V3b,6,185,105.814,8.6614,0.0,False,True
nigeria,capacity-controlled (CV-selected on V0),V3b,7,185,106.1765,8.1702,0.0,False,True
nigeria,capacity-controlled (CV-selected on V0),V3b,8,185,101.9941,8.1394,0.0,False,True
nigeria,capacity-controlled (CV-selected on V0),V3b,9,185,104.8052,7.7925,0.0,False,True
nigeria,capacity-controlled (CV-selected on V0),V3b,10,185,98.2057,7.9901,0.0,False,True
nigeria,capacity-controlled (CV-selected on V0),V3b,11,185,110.0938,8.9985,0.0,False,True
nigeria,capacity-controlled (CV-selected on V0),V3b,12,185,107.7106,9.3893,0.0,False,True
nigeria,capacity-controlled (CV-selected on V0),V3b,13,185,96.8928,8.7709,0.0,False,True
nigeria,capacity-controlled (CV-selected on V0),V3b,14,185,101.1164,8.3403,0.0,False,True
nigeria,capacity-controlled (CV-selected on V0),V3b,15,185,101.9142,7.399,0.0,False,True
nigeria,capacity-controlled (CV-selected on V0),V3b,16,185,105.1797,8.5258,0.0,False,True
nigeria,capacity-controlled (CV-selected on V0),V3b,17,185,104.5953,7.7047,0.0,False,True
nigeria,capacity-controlled (CV-selected on V0),V3b,18,185,112.6732,9.3804,0.0,False,True
nigeria,capacity-controlled (CV-selected on V0),V3b,19,185,101.2754,7.6397,0.0,False,True
nigeria,capacity-controlled (CV-selected on V0),V3b,20,185,104.5779,7.9963,0.0,False,True
nigeria,capacity-controlled (CV-selected on V0),V4a,1,185,110.0866,8.8913,0.0,False,True
nigeria,capacity-controlled (CV-selected on V0),V4a,2,185,104.585,8.3272,0.0,False,True
nigeria,capacity-controlled (CV-selected on V0),V4a,3,185,103.3967,8.7018,0.0,False,True
nigeria,capacity-controlled (CV-selected on V0),V4a,4,185,105.2115,9.4069,0.0,False,True
nigeria,capacity-controlled (CV-selected on V0),V4a,5,185,115.7806,9.4744,0.0,False,True
nigeria,capacity-controlled (CV-selected on V0),V4a,6,185,105.9402,8.8821,0.0,False,True
nigeria,capacity-controlled (CV-selected on V0),V4a,7,185,105.3149,8.4498,0.0,False,True
nigeria,capacity-controlled (CV-selected on V0),V4a,8,185,109.9547,9.0951,0.0,False,True
nigeria,capacity-controlled (CV-selected on V0),V4a,9,185,109.1351,8.5603,0.0,False,True
nigeria,capacity-controlled (CV-selected on V0),V4a,10,185,107.4347,9.6085,0.0,False,True
nigeria,capacity-controlled (CV-selected on V0),V4a,11,185,119.8067,10.31,0.0,False,True
nigeria,capacity-controlled (CV-selected on V0),V4a,12,185,101.9422,8.6299,0.0,False,True
nigeria,capacity-controlled (CV-selected on V0),V4a,13,185,106.934,8.722,0.0,False,True
nigeria,capacity-controlled (CV-selected on V0),V4a,14,185,101.759,8.5011,0.0,False,True
nigeria,capacity-controlled (CV-selected on V0),V4a,15,185,110.7142,9.2424,0.0,False,True
nigeria,capacity-controlled (CV-selected on V0),V4a,16,185,106.9381,9.1066,0.0,False,True
nigeria,capacity-controlled (CV-selected on V0),V4a,17,185,106.8844,8.3425,0.0,False,True
nigeria,capacity-controlled (CV-selected on V0),V4a,18,185,110.6226,8.4813,0.0,False,True
nigeria,capacity-controlled (CV-selected on V0),V4a,19,185,108.4914,9.4282,0.0,False,True
nigeria,capacity-controlled (CV-selected on V0),V4a,20,185,106.68,8.3367,0.0,False,True
nigeria,capacity-controlled (CV-selected on V0),V4b,1,185,103.9154,7.9252,0.0,False,True
nigeria,capacity-controlled (CV-selected on V0),V4b,2,185,100.7488,7.7405,0.0,False,True
nigeria,capacity-controlled (CV-selected on V0),V4b,3,185,109.3084,8.8401,0.0,False,True
nigeria,capacity-controlled (CV-selected on V0),V4b,4,185,119.2084,10.1699,0.0,False,True
nigeria,capacity-controlled (CV-selected on V0),V4b,5,185,101.7454,8.1743,0.0,False,True
nigeria,capacity-controlled (CV-selected on V0),V4b,6,185,116.6072,9.5497,0.0,False,True
nigeria,capacity-controlled (CV-selected on V0),V4b,7,185,95.8018,7.6236,0.0,False,True
nigeria,capacity-controlled (CV-selected on V0),V4b,8,185,108.1751,8.6228,0.0,False,True
nigeria,capacity-controlled (CV-selected on V0),V4b,9,185,109.0832,9.1377,0.0,False,True
nigeria,capacity-controlled (CV-selected on V0),V4b,10,185,125.0995,10.4695,0.0,False,True
nigeria,capacity-controlled (CV-selected on V0),V4b,11,185,115.5679,9.2236,0.0,False,True
nigeria,capacity-controlled (CV-selected on V0),V4b,12,185,109.4867,8.966,0.0,False,True
nigeria,capacity-controlled (CV-selected on V0),V4b,13,185,98.6323,7.8949,0.0,False,True
nigeria,capacity-controlled (CV-selected on V0),V4b,14,185,101.7675,8.3863,0.0,False,True
nigeria,capacity-controlled (CV-selected on V0),V4b,15,185,102.9826,7.8558,0.0,False,True
nigeria,capacity-controlled (CV-selected on V0),V4b,16,185,107.1209,8.1588,0.0,False,True
nigeria,capacity-controlled (CV-selected on V0),V4b,17,185,102.1305,8.0419,0.0,False,True
nigeria,capacity-controlled (CV-selected on V0),V4b,18,185,108.6429,8.417,0.0,False,True
nigeria,capacity-controlled (CV-selected on V0),V4b,19,185,104.2838,9.0253,0.0,False,True
nigeria,capacity-controlled (CV-selected on V0),V4b,20,185,105.1325,8.3944,0.0,False,True
