configuration,price_ngn,predicted_next_price,random_walk_price
"original (untuned, 300 trees)",550,666.5034949596628,550.0
"original (untuned, 300 trees)",555,666.5034949596628,555.0
"original (untuned, 300 trees)",560,666.5034949596628,560.0
"original (untuned, 300 trees)",565,666.5034949596628,565.0
"original (untuned, 300 trees)",570,666.5034949596628,570.0
"original (untuned, 300 trees)",575,666.5034949596628,575.0
"original (untuned, 300 trees)",580,666.5034949596628,580.0
"original (untuned, 300 trees)",585,666.5034949596628,585.0
"original (untuned, 300 trees)",590,666.5034949596628,590.0
"original (untuned, 300 trees)",595,666.5034949596628,595.0
"original (untuned, 300 trees)",600,666.5034949596628,600.0
"original (untuned, 300 trees)",605,666.5034949596628,605.0
"original (untuned, 300 trees)",610,666.5034949596628,610.0
"original (untuned, 300 trees)",615,666.5034949596628,615.0
"original (untuned, 300 trees)",620,666.5034949596628,620.0
"original (untuned, 300 trees)",625,666.5034949596628,625.0
"original (untuned, 300 trees)",630,666.5034949596628,630.0
"original (untuned, 300 trees)",635,667.2139341464307,635.0
"original (untuned, 300 trees)",640,672.6999485514077,640.0
"original (untuned, 300 trees)",645,676.0480559662109,645.0
"original (untuned, 300 trees)",650,671.4496319877334,650.0
"original (untuned, 300 trees)",655,666.4149019211583,655.0
"original (untuned, 300 trees)",660,669.9065259696796,660.0
"original (untuned, 300 trees)",665,683.4831862062666,665.0
"original (untuned, 300 trees)",670,687.9474182084183,670.0
"original (untuned, 300 trees)",675,687.1019034891268,675.0
"original (untuned, 300 trees)",680,739.9505108216523,680.0
"original (untuned, 300 trees)",685,702.4789093117731,685.0
"original (untuned, 300 trees)",690,758.5808878658718,690.0
"original (untuned, 300 trees)",695,723.6620052648897,695.0
"original (untuned, 300 trees)",700,774.767236343001,700.0
"original (untuned, 300 trees)",705,775.6097803816359,705.0
"original (untuned, 300 trees)",710,728.7029286405392,710.0
"original (untuned, 300 trees)",715,788.3735737528641,715.0
"original (untuned, 300 trees)",720,773.2669108687173,720.0
"original (untuned, 300 trees)",725,753.072876701857,725.0
"original (untuned, 300 trees)",730,753.072876701857,730.0
"original (untuned, 300 trees)",735,781.5840654180416,735.0
"original (untuned, 300 trees)",740,781.5840654180416,740.0
"original (untuned, 300 trees)",745,765.9704752429416,745.0
"original (untuned, 300 trees)",750,813.5624174513487,750.0
"original (untuned, 300 trees)",755,805.649713144936,755.0
"original (untuned, 300 trees)",760,805.649713144936,760.0
"original (untuned, 300 trees)",765,815.0078421317484,765.0
"original (untuned, 300 trees)",770,778.1263011866494,770.0
"original (untuned, 300 trees)",775,769.1673394658194,775.0
"original (untuned, 300 trees)",780,798.7521336695806,780.0
"original (untuned, 300 trees)",785,784.1149697075585,785.0
"original (untuned, 300 trees)",790,773.0501908684175,790.0
"original (untuned, 300 trees)",795,782.9832811734129,795.0
"original (untuned, 300 trees)",800,761.1659910490113,800.0
"original (untuned, 300 trees)",805,838.4904309656555,805.0
"original (untuned, 300 trees)",810,810.9121139178652,810.0
"original (untuned, 300 trees)",815,810.9121139178652,815.0
"original (untuned, 300 trees)",820,844.7276255442794,820.0
"original (untuned, 300 trees)",825,844.7276255442794,825.0
"original (untuned, 300 trees)",830,888.7639428429089,830.0
"original (untuned, 300 trees)",835,888.7639428429089,835.0
"original (untuned, 300 trees)",840,888.7639428429089,840.0
"original (untuned, 300 trees)",845,975.1549310696752,845.0
"original (untuned, 300 trees)",850,975.1549310696752,850.0
"original (untuned, 300 trees)",855,977.3121921807324,855.0
"original (untuned, 300 trees)",860,977.3121921807324,860.0
"original (untuned, 300 trees)",865,957.631221820708,865.0
"original (untuned, 300 trees)",870,957.631221820708,870.0
"original (untuned, 300 trees)",875,964.9354258626828,875.0
"original (untuned, 300 trees)",880,964.9354258626828,880.0
"original (untuned, 300 trees)",885,1013.3756372063563,885.0
"original (untuned, 300 trees)",890,1017.0124348257899,890.0
"original (untuned, 300 trees)",895,1017.0124348257899,895.0
"original (untuned, 300 trees)",900,1017.0124348257899,900.0
"original (untuned, 300 trees)",905,989.1545172465067,905.0
"original (untuned, 300 trees)",910,989.1545172465067,910.0
"original (untuned, 300 trees)",915,989.1545172465067,915.0
"original (untuned, 300 trees)",920,985.1949123973276,920.0
"original (untuned, 300 trees)",925,971.0707872365135,925.0
"original (untuned, 300 trees)",930,995.4502306978744,930.0
"original (untuned, 300 trees)",935,1024.6140507269906,935.0
"original (untuned, 300 trees)",940,1028.8351803707621,940.0
"original (untuned, 300 trees)",945,951.8108681236813,945.0
"original (untuned, 300 trees)",950,951.8108681236813,950.0
"original (untuned, 300 trees)",955,972.6571100844454,955.0
"original (untuned, 300 trees)",960,1040.2094217104045,960.0
"original (untuned, 300 trees)",965,1062.4668824707496,965.0
"original (untuned, 300 trees)",970,994.0457080882934,970.0
"original (untuned, 300 trees)",975,997.1445411363412,975.0
"original (untuned, 300 trees)",980,996.0085581711734,980.0
"original (untuned, 300 trees)",985,1016.9823686249113,985.0
"original (untuned, 300 trees)",990,1045.5067806566208,990.0
"original (untuned, 300 trees)",995,1012.1577029214586,995.0
"original (untuned, 300 trees)",1000,1022.2593692105498,1000.0
"original (untuned, 300 trees)",1005,1062.5147416918742,1005.0
"original (untuned, 300 trees)",1010,1042.6543568017394,1010.0
"original (untuned, 300 trees)",1015,997.2686512836049,1015.0
"original (untuned, 300 trees)",1020,1023.6759634438051,1020.0
"original (untuned, 300 trees)",1025,1072.7110949172925,1025.0
"original (untuned, 300 trees)",1030,1032.570587428795,1030.0
"original (untuned, 300 trees)",1035,1050.401525338305,1035.0
"original (untuned, 300 trees)",1040,1021.862337752885,1040.0
"original (untuned, 300 trees)",1045,1073.4000571309675,1045.0
"original (untuned, 300 trees)",1050,1082.6945263761138,1050.0
"original (untuned, 300 trees)",1055,1042.6358662559771,1055.0
"original (untuned, 300 trees)",1060,1054.6264076251289,1060.0
"original (untuned, 300 trees)",1065,1053.8508926111874,1065.0
"original (untuned, 300 trees)",1070,1078.8627685746192,1070.0
"original (untuned, 300 trees)",1075,1112.3316489002273,1075.0
"original (untuned, 300 trees)",1080,1073.2395504186763,1080.0
"original (untuned, 300 trees)",1085,1125.7385962644023,1085.0
"original (untuned, 300 trees)",1090,1108.7077994389247,1090.0
"original (untuned, 300 trees)",1095,1081.4231893688998,1095.0
"original (untuned, 300 trees)",1100,1084.3548992367105,1100.0
"original (untuned, 300 trees)",1105,1123.568086797266,1105.0
"original (untuned, 300 trees)",1110,1114.7475254930291,1110.0
"original (untuned, 300 trees)",1115,1118.0096192491505,1115.0
"original (untuned, 300 trees)",1120,1108.9258150922542,1120.0
"original (untuned, 300 trees)",1125,1143.214408337194,1125.0
"original (untuned, 300 trees)",1130,1173.5007411412942,1130.0
"original (untuned, 300 trees)",1135,1087.8592153016564,1135.0
"original (untuned, 300 trees)",1140,1113.9480427075753,1140.0
"original (untuned, 300 trees)",1145,1175.9048263626573,1145.0
"original (untuned, 300 trees)",1150,1138.7448396338816,1150.0
"original (untuned, 300 trees)",1155,1166.0291950461808,1155.0
"original (untuned, 300 trees)",1160,1188.9739673182542,1160.0
"original (untuned, 300 trees)",1165,1158.6994652947849,1165.0
"original (untuned, 300 trees)",1170,1163.1286793780089,1170.0
"original (untuned, 300 trees)",1175,1220.7881306079937,1175.0
"original (untuned, 300 trees)",1180,1113.7959168962664,1180.0
"original (untuned, 300 trees)",1185,1134.4294960239806,1185.0
"original (untuned, 300 trees)",1190,1175.0047401522274,1190.0
"original (untuned, 300 trees)",1195,1176.2792538535277,1195.0
"original (untuned, 300 trees)",1200,1244.1739610369586,1200.0
"original (untuned, 300 trees)",1205,1235.935452746169,1205.0
"original (untuned, 300 trees)",1210,1235.935452746169,1210.0
"original (untuned, 300 trees)",1215,1233.3135585396162,1215.0
"original (untuned, 300 trees)",1220,1233.3135585396162,1220.0
"original (untuned, 300 trees)",1225,1128.9780391558131,1225.0
"original (untuned, 300 trees)",1230,1241.2948193928748,1230.0
"original (untuned, 300 trees)",1235,1260.5004455352619,1235.0
"original (untuned, 300 trees)",1240,1187.414427362148,1240.0
"original (untuned, 300 trees)",1245,1193.8730880470885,1245.0
"original (untuned, 300 trees)",1250,1193.8730880470885,1250.0
"original (untuned, 300 trees)",1255,1177.6074602040937,1255.0
"original (untuned, 300 trees)",1260,1308.6338708856536,1260.0
"original (untuned, 300 trees)",1265,1227.477962309064,1265.0
"original (untuned, 300 trees)",1270,1227.477962309064,1270.0
"original (untuned, 300 trees)",1275,1265.3792681834134,1275.0
"original (untuned, 300 trees)",1280,1191.893487569331,1280.0
"original (untuned, 300 trees)",1285,1199.2864581552988,1285.0
"original (untuned, 300 trees)",1290,1227.0708717186021,1290.0
"original (untuned, 300 trees)",1295,1199.7688377082645,1295.0
"original (untuned, 300 trees)",1300,1199.7688377082645,1300.0
"original (untuned, 300 trees)",1305,1215.7328494330206,1305.0
"original (untuned, 300 trees)",1310,1223.9551528877912,1310.0
"original (untuned, 300 trees)",1315,1223.9551528877912,1315.0
"original (untuned, 300 trees)",1320,1223.9551528877912,1320.0
"original (untuned, 300 trees)",1325,1285.022431911923,1325.0
"original (untuned, 300 trees)",1330,1285.022431911923,1330.0
"original (untuned, 300 trees)",1335,1285.022431911923,1335.0
"original (untuned, 300 trees)",1340,1285.022431911923,1340.0
"original (untuned, 300 trees)",1345,1285.022431911923,1345.0
"original (untuned, 300 trees)",1350,1261.8658699500468,1350.0
"original (untuned, 300 trees)",1355,1261.8658699500468,1355.0
"original (untuned, 300 trees)",1360,1261.8658699500468,1360.0
"original (untuned, 300 trees)",1365,1232.6243516870688,1365.0
"original (untuned, 300 trees)",1370,1232.6243516870688,1370.0
"original (untuned, 300 trees)",1375,1232.6243516870688,1375.0
"original (untuned, 300 trees)",1380,1250.2338978167277,1380.0
"original (untuned, 300 trees)",1385,1250.2338978167277,1385.0
"original (untuned, 300 trees)",1390,1250.2338978167277,1390.0
"original (untuned, 300 trees)",1395,1250.2338978167277,1395.0
"original (untuned, 300 trees)",1400,1408.8457237500616,1400.0
"original (untuned, 300 trees)",1405,1408.8457237500616,1405.0
"original (untuned, 300 trees)",1410,1408.8457237500616,1410.0
"original (untuned, 300 trees)",1415,1408.8457237500616,1415.0
"original (untuned, 300 trees)",1420,1408.8457237500616,1420.0
"original (untuned, 300 trees)",1425,1438.396224080663,1425.0
"original (untuned, 300 trees)",1430,1438.396224080663,1430.0
"original (untuned, 300 trees)",1435,1438.396224080663,1435.0
"original (untuned, 300 trees)",1440,1438.396224080663,1440.0
"original (untuned, 300 trees)",1445,1441.3346196637308,1445.0
"original (untuned, 300 trees)",1450,1441.3346196637308,1450.0
"original (untuned, 300 trees)",1455,1394.6195227291012,1455.0
"original (untuned, 300 trees)",1460,1394.6195227291012,1460.0
"original (untuned, 300 trees)",1465,1394.6195227291012,1465.0
"original (untuned, 300 trees)",1470,1417.5116249435405,1470.0
"original (untuned, 300 trees)",1475,1417.5116249435405,1475.0
"original (untuned, 300 trees)",1480,1417.5116249435405,1480.0
"original (untuned, 300 trees)",1485,1441.0748001785596,1485.0
"original (untuned, 300 trees)",1490,1441.0748001785596,1490.0
"original (untuned, 300 trees)",1495,1441.0748001785596,1495.0
"original (untuned, 300 trees)",1500,1441.0748001785596,1500.0
"original (untuned, 300 trees)",1505,1441.0748001785596,1505.0
"original (untuned, 300 trees)",1510,1441.0748001785596,1510.0
"original (untuned, 300 trees)",1515,1441.0748001785596,1515.0
"original (untuned, 300 trees)",1520,1441.0748001785596,1520.0
"original (untuned, 300 trees)",1525,1441.0748001785596,1525.0
"original (untuned, 300 trees)",1530,1441.0748001785596,1530.0
"original (untuned, 300 trees)",1535,1441.0748001785596,1535.0
"original (untuned, 300 trees)",1540,1441.0748001785596,1540.0
"original (untuned, 300 trees)",1545,1441.0748001785596,1545.0
"original (untuned, 300 trees)",1550,1441.0748001785596,1550.0
"original (untuned, 300 trees)",1555,1441.0748001785596,1555.0
"original (untuned, 300 trees)",1560,1441.0748001785596,1560.0
"original (untuned, 300 trees)",1565,1441.0748001785596,1565.0
"original (untuned, 300 trees)",1570,1441.0748001785596,1570.0
"original (untuned, 300 trees)",1575,1441.0748001785596,1575.0
"original (untuned, 300 trees)",1580,1441.0748001785596,1580.0
"original (untuned, 300 trees)",1585,1441.0748001785596,1585.0
"original (untuned, 300 trees)",1590,1441.0748001785596,1590.0
"original (untuned, 300 trees)",1595,1441.0748001785596,1595.0
"original (untuned, 300 trees)",1600,1441.0748001785596,1600.0
"original (untuned, 300 trees)",1605,1441.0748001785596,1605.0
"original (untuned, 300 trees)",1610,1441.0748001785596,1610.0
"original (untuned, 300 trees)",1615,1441.0748001785596,1615.0
"original (untuned, 300 trees)",1620,1441.0748001785596,1620.0
"original (untuned, 300 trees)",1625,1441.0748001785596,1625.0
"original (untuned, 300 trees)",1630,1441.0748001785596,1630.0
"original (untuned, 300 trees)",1635,1441.0748001785596,1635.0
"original (untuned, 300 trees)",1640,1441.0748001785596,1640.0
"original (untuned, 300 trees)",1645,1441.0748001785596,1645.0
"original (untuned, 300 trees)",1650,1441.0748001785596,1650.0
"original (untuned, 300 trees)",1655,1441.0748001785596,1655.0
"original (untuned, 300 trees)",1660,1441.0748001785596,1660.0
"original (untuned, 300 trees)",1665,1441.0748001785596,1665.0
"original (untuned, 300 trees)",1670,1441.0748001785596,1670.0
"original (untuned, 300 trees)",1675,1441.0748001785596,1675.0
"original (untuned, 300 trees)",1680,1441.0748001785596,1680.0
"original (untuned, 300 trees)",1685,1441.0748001785596,1685.0
"original (untuned, 300 trees)",1690,1441.0748001785596,1690.0
"original (untuned, 300 trees)",1695,1441.0748001785596,1695.0
"original (untuned, 300 trees)",1700,1441.0748001785596,1700.0
"original (untuned, 300 trees)",1705,1441.0748001785596,1705.0
"original (untuned, 300 trees)",1710,1441.0748001785596,1710.0
"original (untuned, 300 trees)",1715,1441.0748001785596,1715.0
"original (untuned, 300 trees)",1720,1441.0748001785596,1720.0
"original (untuned, 300 trees)",1725,1441.0748001785596,1725.0
"original (untuned, 300 trees)",1730,1441.0748001785596,1730.0
"original (untuned, 300 trees)",1735,1441.0748001785596,1735.0
"original (untuned, 300 trees)",1740,1441.0748001785596,1740.0
"original (untuned, 300 trees)",1745,1441.0748001785596,1745.0
"original (untuned, 300 trees)",1750,1441.0748001785596,1750.0
"original (untuned, 300 trees)",1755,1441.0748001785596,1755.0
"original (untuned, 300 trees)",1760,1441.0748001785596,1760.0
"original (untuned, 300 trees)",1765,1441.0748001785596,1765.0
"original (untuned, 300 trees)",1770,1441.0748001785596,1770.0
"original (untuned, 300 trees)",1775,1441.0748001785596,1775.0
"original (untuned, 300 trees)",1780,1441.0748001785596,1780.0
"original (untuned, 300 trees)",1785,1441.0748001785596,1785.0
"original (untuned, 300 trees)",1790,1441.0748001785596,1790.0
"original (untuned, 300 trees)",1795,1441.0748001785596,1795.0
"original (untuned, 300 trees)",1800,1441.0748001785596,1800.0
capacity-controlled (CV-selected on V0),550,765.4083827520355,550.0
capacity-controlled (CV-selected on V0),555,765.4083827520355,555.0
capacity-controlled (CV-selected on V0),560,765.4083827520355,560.0
capacity-controlled (CV-selected on V0),565,765.4083827520355,565.0
capacity-controlled (CV-selected on V0),570,765.4083827520355,570.0
capacity-controlled (CV-selected on V0),575,765.4083827520355,575.0
capacity-controlled (CV-selected on V0),580,765.4083827520355,580.0
capacity-controlled (CV-selected on V0),585,765.4083827520355,585.0
capacity-controlled (CV-selected on V0),590,765.4083827520355,590.0
capacity-controlled (CV-selected on V0),595,765.4083827520355,595.0
capacity-controlled (CV-selected on V0),600,765.4083827520355,600.0
capacity-controlled (CV-selected on V0),605,765.4083827520355,605.0
capacity-controlled (CV-selected on V0),610,765.4083827520355,610.0
capacity-controlled (CV-selected on V0),615,765.4083827520355,615.0
capacity-controlled (CV-selected on V0),620,765.4083827520355,620.0
capacity-controlled (CV-selected on V0),625,765.4083827520355,625.0
capacity-controlled (CV-selected on V0),630,765.4083827520355,630.0
capacity-controlled (CV-selected on V0),635,765.4083827520355,635.0
capacity-controlled (CV-selected on V0),640,765.4083827520355,640.0
capacity-controlled (CV-selected on V0),645,765.4083827520355,645.0
capacity-controlled (CV-selected on V0),650,765.4083827520355,650.0
capacity-controlled (CV-selected on V0),655,765.4083827520355,655.0
capacity-controlled (CV-selected on V0),660,765.4083827520355,660.0
capacity-controlled (CV-selected on V0),665,765.4083827520355,665.0
capacity-controlled (CV-selected on V0),670,773.9752941467098,670.0
capacity-controlled (CV-selected on V0),675,781.5415428701317,675.0
capacity-controlled (CV-selected on V0),680,794.6142545603482,680.0
capacity-controlled (CV-selected on V0),685,803.7615150124673,685.0
capacity-controlled (CV-selected on V0),690,803.7615150124673,690.0
capacity-controlled (CV-selected on V0),695,803.7615150124673,695.0
capacity-controlled (CV-selected on V0),700,803.7615150124673,700.0
capacity-controlled (CV-selected on V0),705,803.7615150124673,705.0
capacity-controlled (CV-selected on V0),710,803.7615150124673,710.0
capacity-controlled (CV-selected on V0),715,832.8799240861565,715.0
capacity-controlled (CV-selected on V0),720,839.2744387531511,720.0
capacity-controlled (CV-selected on V0),725,839.2744387531511,725.0
capacity-controlled (CV-selected on V0),730,839.2744387531511,730.0
capacity-controlled (CV-selected on V0),735,839.2744387531511,735.0
capacity-controlled (CV-selected on V0),740,839.2744387531511,740.0
capacity-controlled (CV-selected on V0),745,844.4399589801892,745.0
capacity-controlled (CV-selected on V0),750,849.1661609280219,750.0
capacity-controlled (CV-selected on V0),755,849.1661609280219,755.0
capacity-controlled (CV-selected on V0),760,849.1661609280219,760.0
capacity-controlled (CV-selected on V0),765,849.1661609280219,765.0
capacity-controlled (CV-selected on V0),770,849.1661609280219,770.0
capacity-controlled (CV-selected on V0),775,849.1661609280219,775.0
capacity-controlled (CV-selected on V0),780,849.1661609280219,780.0
capacity-controlled (CV-selected on V0),785,849.1661609280219,785.0
capacity-controlled (CV-selected on V0),790,849.1661609280219,790.0
capacity-controlled (CV-selected on V0),795,849.1661609280219,795.0
capacity-controlled (CV-selected on V0),800,849.1661609280219,800.0
capacity-controlled (CV-selected on V0),805,862.0242903947734,805.0
capacity-controlled (CV-selected on V0),810,862.0242903947734,810.0
capacity-controlled (CV-selected on V0),815,862.0242903947734,815.0
capacity-controlled (CV-selected on V0),820,870.9653667479563,820.0
capacity-controlled (CV-selected on V0),825,870.9653667479563,825.0
capacity-controlled (CV-selected on V0),830,895.3701551629514,830.0
capacity-controlled (CV-selected on V0),835,895.3701551629514,835.0
capacity-controlled (CV-selected on V0),840,895.3701551629514,840.0
capacity-controlled (CV-selected on V0),845,970.8298078298545,845.0
capacity-controlled (CV-selected on V0),850,970.8298078298545,850.0
capacity-controlled (CV-selected on V0),855,970.8298078298545,855.0
capacity-controlled (CV-selected on V0),860,970.8298078298545,860.0
capacity-controlled (CV-selected on V0),865,970.8298078298545,865.0
capacity-controlled (CV-selected on V0),870,970.8298078298545,870.0
capacity-controlled (CV-selected on V0),875,970.8298078298545,875.0
capacity-controlled (CV-selected on V0),880,970.8298078298545,880.0
capacity-controlled (CV-selected on V0),885,995.3990595721576,885.0
capacity-controlled (CV-selected on V0),890,995.3990595721576,890.0
capacity-controlled (CV-selected on V0),895,995.3990595721576,895.0
capacity-controlled (CV-selected on V0),900,995.3990595721576,900.0
capacity-controlled (CV-selected on V0),905,995.3990595721576,905.0
capacity-controlled (CV-selected on V0),910,995.3990595721576,910.0
capacity-controlled (CV-selected on V0),915,995.3990595721576,915.0
capacity-controlled (CV-selected on V0),920,995.3990595721576,920.0
capacity-controlled (CV-selected on V0),925,995.3990595721576,925.0
capacity-controlled (CV-selected on V0),930,1003.565891896476,930.0
capacity-controlled (CV-selected on V0),935,1003.565891896476,935.0
capacity-controlled (CV-selected on V0),940,1003.565891896476,940.0
capacity-controlled (CV-selected on V0),945,1003.565891896476,945.0
capacity-controlled (CV-selected on V0),950,1003.565891896476,950.0
capacity-controlled (CV-selected on V0),955,1003.565891896476,955.0
capacity-controlled (CV-selected on V0),960,1008.8225670131254,960.0
capacity-controlled (CV-selected on V0),965,1008.8225670131254,965.0
capacity-controlled (CV-selected on V0),970,1008.8225670131254,970.0
capacity-controlled (CV-selected on V0),975,1008.8225670131254,975.0
capacity-controlled (CV-selected on V0),980,1008.8225670131254,980.0
capacity-controlled (CV-selected on V0),985,1012.81747810289,985.0
capacity-controlled (CV-selected on V0),990,1012.81747810289,990.0
capacity-controlled (CV-selected on V0),995,1012.81747810289,995.0
capacity-controlled (CV-selected on V0),1000,1012.81747810289,1000.0
capacity-controlled (CV-selected on V0),1005,1024.9343217285739,1005.0
capacity-controlled (CV-selected on V0),1010,1024.9343217285739,1010.0
capacity-controlled (CV-selected on V0),1015,1024.9343217285739,1015.0
capacity-controlled (CV-selected on V0),1020,1024.9343217285739,1020.0
capacity-controlled (CV-selected on V0),1025,1024.9343217285739,1025.0
capacity-controlled (CV-selected on V0),1030,1024.9343217285739,1030.0
capacity-controlled (CV-selected on V0),1035,1024.9343217285739,1035.0
capacity-controlled (CV-selected on V0),1040,1024.9343217285739,1040.0
capacity-controlled (CV-selected on V0),1045,1032.9095504574518,1045.0
capacity-controlled (CV-selected on V0),1050,1032.9095504574518,1050.0
capacity-controlled (CV-selected on V0),1055,1032.9095504574518,1055.0
capacity-controlled (CV-selected on V0),1060,1032.9095504574518,1060.0
capacity-controlled (CV-selected on V0),1065,1048.5504739190685,1065.0
capacity-controlled (CV-selected on V0),1070,1053.2596609578854,1070.0
capacity-controlled (CV-selected on V0),1075,1056.483683036018,1075.0
capacity-controlled (CV-selected on V0),1080,1056.483683036018,1080.0
capacity-controlled (CV-selected on V0),1085,1066.0205155960152,1085.0
capacity-controlled (CV-selected on V0),1090,1066.0205155960152,1090.0
capacity-controlled (CV-selected on V0),1095,1066.0205155960152,1095.0
capacity-controlled (CV-selected on V0),1100,1066.0205155960152,1100.0
capacity-controlled (CV-selected on V0),1105,1066.0205155960152,1105.0
capacity-controlled (CV-selected on V0),1110,1080.4924132041228,1110.0
capacity-controlled (CV-selected on V0),1115,1080.4924132041228,1115.0
capacity-controlled (CV-selected on V0),1120,1080.4924132041228,1120.0
capacity-controlled (CV-selected on V0),1125,1090.7604450398067,1125.0
capacity-controlled (CV-selected on V0),1130,1090.7604450398067,1130.0
capacity-controlled (CV-selected on V0),1135,1090.7604450398067,1135.0
capacity-controlled (CV-selected on V0),1140,1090.7604450398067,1140.0
capacity-controlled (CV-selected on V0),1145,1109.9465918219935,1145.0
capacity-controlled (CV-selected on V0),1150,1109.9465918219935,1150.0
capacity-controlled (CV-selected on V0),1155,1109.9465918219935,1155.0
capacity-controlled (CV-selected on V0),1160,1120.8522441356006,1160.0
capacity-controlled (CV-selected on V0),1165,1120.8522441356006,1165.0
capacity-controlled (CV-selected on V0),1170,1120.8522441356006,1170.0
capacity-controlled (CV-selected on V0),1175,1120.8522441356006,1175.0
capacity-controlled (CV-selected on V0),1180,1120.8522441356006,1180.0
capacity-controlled (CV-selected on V0),1185,1120.8522441356006,1185.0
capacity-controlled (CV-selected on V0),1190,1129.4101124453111,1190.0
capacity-controlled (CV-selected on V0),1195,1129.4101124453111,1195.0
capacity-controlled (CV-selected on V0),1200,1137.102026444733,1200.0
capacity-controlled (CV-selected on V0),1205,1137.102026444733,1205.0
capacity-controlled (CV-selected on V0),1210,1137.102026444733,1210.0
capacity-controlled (CV-selected on V0),1215,1137.102026444733,1215.0
capacity-controlled (CV-selected on V0),1220,1137.102026444733,1220.0
capacity-controlled (CV-selected on V0),1225,1137.102026444733,1225.0
capacity-controlled (CV-selected on V0),1230,1142.3969748102795,1230.0
capacity-controlled (CV-selected on V0),1235,1142.3969748102795,1235.0
capacity-controlled (CV-selected on V0),1240,1142.3969748102795,1240.0
capacity-controlled (CV-selected on V0),1245,1142.3969748102795,1245.0
capacity-controlled (CV-selected on V0),1250,1142.3969748102795,1250.0
capacity-controlled (CV-selected on V0),1255,1142.3969748102795,1255.0
capacity-controlled (CV-selected on V0),1260,1151.7903443703221,1260.0
capacity-controlled (CV-selected on V0),1265,1151.7903443703221,1265.0
capacity-controlled (CV-selected on V0),1270,1151.7903443703221,1270.0
capacity-controlled (CV-selected on V0),1275,1151.7903443703221,1275.0
capacity-controlled (CV-selected on V0),1280,1151.7903443703221,1280.0
capacity-controlled (CV-selected on V0),1285,1151.7903443703221,1285.0
capacity-controlled (CV-selected on V0),1290,1151.7903443703221,1290.0
capacity-controlled (CV-selected on V0),1295,1151.7903443703221,1295.0
capacity-controlled (CV-selected on V0),1300,1151.7903443703221,1300.0
capacity-controlled (CV-selected on V0),1305,1151.7903443703221,1305.0
capacity-controlled (CV-selected on V0),1310,1159.7915396446751,1310.0
capacity-controlled (CV-selected on V0),1315,1159.7915396446751,1315.0
capacity-controlled (CV-selected on V0),1320,1159.7915396446751,1320.0
capacity-controlled (CV-selected on V0),1325,1185.3785362006865,1325.0
capacity-controlled (CV-selected on V0),1330,1185.3785362006865,1330.0
capacity-controlled (CV-selected on V0),1335,1185.3785362006865,1335.0
capacity-controlled (CV-selected on V0),1340,1185.3785362006865,1340.0
capacity-controlled (CV-selected on V0),1345,1185.3785362006865,1345.0
capacity-controlled (CV-selected on V0),1350,1185.3785362006865,1350.0
capacity-controlled (CV-selected on V0),1355,1185.3785362006865,1355.0
capacity-controlled (CV-selected on V0),1360,1185.3785362006865,1360.0
capacity-controlled (CV-selected on V0),1365,1185.3785362006865,1365.0
capacity-controlled (CV-selected on V0),1370,1185.3785362006865,1370.0
capacity-controlled (CV-selected on V0),1375,1185.3785362006865,1375.0
capacity-controlled (CV-selected on V0),1380,1194.0030769741832,1380.0
capacity-controlled (CV-selected on V0),1385,1194.0030769741832,1385.0
capacity-controlled (CV-selected on V0),1390,1194.0030769741832,1390.0
capacity-controlled (CV-selected on V0),1395,1194.0030769741832,1395.0
capacity-controlled (CV-selected on V0),1400,1279.2805751142726,1400.0
capacity-controlled (CV-selected on V0),1405,1279.2805751142726,1405.0
capacity-controlled (CV-selected on V0),1410,1279.2805751142726,1410.0
capacity-controlled (CV-selected on V0),1415,1279.2805751142726,1415.0
capacity-controlled (CV-selected on V0),1420,1279.2805751142726,1420.0
capacity-controlled (CV-selected on V0),1425,1279.2805751142726,1425.0
capacity-controlled (CV-selected on V0),1430,1279.2805751142726,1430.0
capacity-controlled (CV-selected on V0),1435,1279.2805751142726,1435.0
capacity-controlled (CV-selected on V0),1440,1279.2805751142726,1440.0
capacity-controlled (CV-selected on V0),1445,1279.2805751142726,1445.0
capacity-controlled (CV-selected on V0),1450,1279.2805751142726,1450.0
capacity-controlled (CV-selected on V0),1455,1279.2805751142726,1455.0
capacity-controlled (CV-selected on V0),1460,1279.2805751142726,1460.0
capacity-controlled (CV-selected on V0),1465,1279.2805751142726,1465.0
capacity-controlled (CV-selected on V0),1470,1279.2805751142726,1470.0
capacity-controlled (CV-selected on V0),1475,1279.2805751142726,1475.0
capacity-controlled (CV-selected on V0),1480,1279.2805751142726,1480.0
capacity-controlled (CV-selected on V0),1485,1279.2805751142726,1485.0
capacity-controlled (CV-selected on V0),1490,1279.2805751142726,1490.0
capacity-controlled (CV-selected on V0),1495,1279.2805751142726,1495.0
capacity-controlled (CV-selected on V0),1500,1279.2805751142726,1500.0
capacity-controlled (CV-selected on V0),1505,1279.2805751142726,1505.0
capacity-controlled (CV-selected on V0),1510,1279.2805751142726,1510.0
capacity-controlled (CV-selected on V0),1515,1279.2805751142726,1515.0
capacity-controlled (CV-selected on V0),1520,1279.2805751142726,1520.0
capacity-controlled (CV-selected on V0),1525,1279.2805751142726,1525.0
capacity-controlled (CV-selected on V0),1530,1279.2805751142726,1530.0
capacity-controlled (CV-selected on V0),1535,1262.6007790610363,1535.0
capacity-controlled (CV-selected on V0),1540,1262.6007790610363,1540.0
capacity-controlled (CV-selected on V0),1545,1262.6007790610363,1545.0
capacity-controlled (CV-selected on V0),1550,1262.6007790610363,1550.0
capacity-controlled (CV-selected on V0),1555,1262.6007790610363,1555.0
capacity-controlled (CV-selected on V0),1560,1262.6007790610363,1560.0
capacity-controlled (CV-selected on V0),1565,1262.6007790610363,1565.0
capacity-controlled (CV-selected on V0),1570,1262.6007790610363,1570.0
capacity-controlled (CV-selected on V0),1575,1262.6007790610363,1575.0
capacity-controlled (CV-selected on V0),1580,1277.6051746432354,1580.0
capacity-controlled (CV-selected on V0),1585,1277.6051746432354,1585.0
capacity-controlled (CV-selected on V0),1590,1277.6051746432354,1590.0
capacity-controlled (CV-selected on V0),1595,1277.6051746432354,1595.0
capacity-controlled (CV-selected on V0),1600,1277.6051746432354,1600.0
capacity-controlled (CV-selected on V0),1605,1277.6051746432354,1605.0
capacity-controlled (CV-selected on V0),1610,1277.6051746432354,1610.0
capacity-controlled (CV-selected on V0),1615,1360.0793564730884,1615.0
capacity-controlled (CV-selected on V0),1620,1360.0793564730884,1620.0
capacity-controlled (CV-selected on V0),1625,1360.0793564730884,1625.0
capacity-controlled (CV-selected on V0),1630,1360.0793564730884,1630.0
capacity-controlled (CV-selected on V0),1635,1360.0793564730884,1635.0
capacity-controlled (CV-selected on V0),1640,1360.0793564730884,1640.0
capacity-controlled (CV-selected on V0),1645,1360.0793564730884,1645.0
capacity-controlled (CV-selected on V0),1650,1360.0793564730884,1650.0
capacity-controlled (CV-selected on V0),1655,1360.0793564730884,1655.0
capacity-controlled (CV-selected on V0),1660,1360.0793564730884,1660.0
capacity-controlled (CV-selected on V0),1665,1360.0793564730884,1665.0
capacity-controlled (CV-selected on V0),1670,1360.0793564730884,1670.0
capacity-controlled (CV-selected on V0),1675,1360.0793564730884,1675.0
capacity-controlled (CV-selected on V0),1680,1360.0793564730884,1680.0
capacity-controlled (CV-selected on V0),1685,1360.0793564730884,1685.0
capacity-controlled (CV-selected on V0),1690,1360.0793564730884,1690.0
capacity-controlled (CV-selected on V0),1695,1360.0793564730884,1695.0
capacity-controlled (CV-selected on V0),1700,1360.0793564730884,1700.0
capacity-controlled (CV-selected on V0),1705,1360.0793564730884,1705.0
capacity-controlled (CV-selected on V0),1710,1360.0793564730884,1710.0
capacity-controlled (CV-selected on V0),1715,1360.0793564730884,1715.0
capacity-controlled (CV-selected on V0),1720,1360.0793564730884,1720.0
capacity-controlled (CV-selected on V0),1725,1360.0793564730884,1725.0
capacity-controlled (CV-selected on V0),1730,1360.0793564730884,1730.0
capacity-controlled (CV-selected on V0),1735,1360.0793564730884,1735.0
capacity-controlled (CV-selected on V0),1740,1360.0793564730884,1740.0
capacity-controlled (CV-selected on V0),1745,1360.0793564730884,1745.0
capacity-controlled (CV-selected on V0),1750,1360.0793564730884,1750.0
capacity-controlled (CV-selected on V0),1755,1360.0793564730884,1755.0
capacity-controlled (CV-selected on V0),1760,1360.0793564730884,1760.0
capacity-controlled (CV-selected on V0),1765,1360.0793564730884,1765.0
capacity-controlled (CV-selected on V0),1770,1360.0793564730884,1770.0
capacity-controlled (CV-selected on V0),1775,1360.0793564730884,1775.0
capacity-controlled (CV-selected on V0),1780,1360.0793564730884,1780.0
capacity-controlled (CV-selected on V0),1785,1360.0793564730884,1785.0
capacity-controlled (CV-selected on V0),1790,1360.0793564730884,1790.0
capacity-controlled (CV-selected on V0),1795,1360.0793564730884,1795.0
capacity-controlled (CV-selected on V0),1800,1360.0793564730884,1800.0
